{
  "hash": "3842de91",
  "configHash": "9cbc3fa6",
  "lockfileHash": "a2d094b7",
  "browserHash": "22d841c8",
  "optimized": {
    "@angular/common": {
      "src": "../../../../../node_modules/@angular/common/fesm2022/common.mjs",
      "file": "@angular_common.js",
      "fileHash": "a24f4a12",
      "needsInterop": false
    },
    "@angular/common/http": {
      "src": "../../../../../node_modules/@angular/common/fesm2022/http.mjs",
      "file": "@angular_common_http.js",
      "fileHash": "ff952237",
      "needsInterop": false
    },
    "@angular/core": {
      "src": "../../../../../node_modules/@angular/core/fesm2022/core.mjs",
      "file": "@angular_core.js",
      "fileHash": "ca4c7e59",
      "needsInterop": false
    },
    "@angular/forms": {
      "src": "../../../../../node_modules/@angular/forms/fesm2022/forms.mjs",
      "file": "@angular_forms.js",
      "fileHash": "6ade98d6",
      "needsInterop": false
    },
    "@angular/platform-browser": {
      "src": "../../../../../node_modules/@angular/platform-browser/fesm2022/platform-browser.mjs",
      "file": "@angular_platform-browser.js",
      "fileHash": "b31f00e4",
      "needsInterop": false
    },
    "@angular/router": {
      "src": "../../../../../node_modules/@angular/router/fesm2022/router.mjs",
      "file": "@angular_router.js",
      "fileHash": "f87fad12",
      "needsInterop": false
    }
  },
  "chunks": {
    "chunk-EL3VC54D": {
      "file": "chunk-EL3VC54D.js"
    },
    "chunk-5AAJP6Y7": {
      "file": "chunk-5AAJP6Y7.js"
    },
    "chunk-BVPN6P7B": {
      "file": "chunk-BVPN6P7B.js"
    },
    "chunk-S4QKGH5G": {
      "file": "chunk-S4QKGH5G.js"
    }
  }
}